label,message
spam,"#key < 285941 >  , please check."
spam,"[LUCK9] P100 level up bonus, claim now. https://luckys9.com/OvnLp"
spam,<#> 351651 is your Facebook code H29Q+Fsn4Sr
spam,<REAL NAME> !  Welcome to W+ Log in and Register to get your free 8888 bonus! winningplus777.com/8888WIN JegP613+
spam,"<REAL NAME> ! Ang malaking palabas sa Linggo, sumali sa W+ ngayon para makakuha ng IPHONE 14 PRO MAX at 5500! winfun777.com/WIN14MAX"
spam,<REAL NAME> ! Get your 8888 bonus right here at W+! Register now to win millions of cash! wpremyo8888.com/8888WIN
spam,<REAL NAME> ! Happy Halloween! Register now and Play to get the 8888 Bonus from W+! winningplus777.com/8888WIN JegP613+
spam,<REAL NAME> ! Padalhan ka ng 5500 at libreng SPIN na laro sa W+! Halika at manalo ng IPHONE14PROMAX ngayon sa W+ wlove14.com/14PROMAX
spam,"<REAL NAME> !Maglaro ng T1BET SPIN game at makakuha ng 3000 welcome bonus ngayon! Ngayon laro ng SPIN,
 gamet1bet.com/T1WIN"
spam,<REAL NAME> !Nagbabagang kaganapin sa Winning+ Mag rehistro at Kuhanin ang Jili Mega Jackpot at 8888 Bonus! wp4hot.com/8888BONUS
spam,"<REAL NAME> ,Congratulations on getting the JACKPOTCITY VIP bonus and promotion!

Sign up now and get 20P and 5000CASH for free! jackpotcity777.com"
spam,"<REAL NAME> ,The most reliable online casino in this country! REFER & EARN 400P for you and a friend wdito4fifa.com/7777BONUS"
spam,<REAL NAME> Alamin ang mga lupet na deals sa SBET! May 100% CASINO WELCOME BONUS + 888 libre at 3% Paymaya deposit bonus sa sbetbigcash2.com
spam,"<REAL NAME> Doblehin ang kikitain sa GoJackpot! Gamitin ang Paymaya at GCash, may 100% bonus + 3% DAILY DEPOSIT BONUS! sa betfilvips2.com"
spam,"<REAL NAME> Get into Halloween spirit with Gojackpot's Tourney! Win big - Free 4888 coins, 177 & 777 Free Bonus, 205% Deposit Bonus at gojcity1.online"
spam,"<REAL NAME> Merry Chistmas, let's play cockfight! Get your Sbet free bonus and 8888 discount bonus now! sbetsabongking.com

Sign up for an account and you'll get more offers and free prizes!

"
spam,"<REAL NAME>! Quality casino with happiness! Register now and Get your 68% LIVE CASINO WELCOME BONUS up to PHP 5,000! Register now! w78p.com/7777BONUS!"
spam,<REAL NAME>! W+ Halloween Event is Here ! Come play on W+ to win the IPHONE14 PRO MAX and the 7777 bonus!  wjackpot7.com/HALLOWEEN7777 YmnV416/
spam,"<REAL NAME>,  Win big at GoJackpot! Enjoy 100% Welcome Bonus + 3% Deposit Bonus. Claim P777 now! Play at betfilph3.com"
spam,"<REAL NAME>, All  hot games like slot machine , live casino and  more games you are looking for is in here at JACKPOT CITY! Play n??w to earn! jackpotcitytoday.com                   "
spam,"<REAL NAME>, Another week is about to start! Make it fun here at Winning Plus! Play amazing slots and claim 100%WELCOME BONUS! winplusph10.com"
spam,"<REAL NAME>, Bet all you want on online betting and slot machine games! DAILY PRIZES OF UP TO php88k! Visit and Register at sbetditosabong.com"
spam,"<REAL NAME>, Chill out & win big at JACKPOTCITY! Enjoy 100% Welcome Bonus Up to 2000 & .6% sabong rebate jpcworldcup1.com"
spam,"<REAL NAME>, Claim 100% First Deposit Bonus up to PHP2,000! Join now and start winning visit lbcoin3.com"
spam,"<REAL NAME>, Did you know that you can get 5-7% SLOT CASHBACK on winning plus? Click right now winningplusjili.com"
spam,"<REAL NAME>, Don't miss WinPlus! Deposit 100, Play now Claim 1000 with 100% Welcome Bonus + 3% GCash Bonus! sign up here: wplusjoin1.com"
spam,"<REAL NAME>, Don't waste your chance. join now 12.12 christmas raffle draw here wplusxxx.com/7777FIFA"
spam,"<REAL NAME>, Exciting news! Grab your free 100 to 10000 bonus at Sbet. Enlist today and uncover our exclusive promo offerings. sbetpoker3.com"
spam,"<REAL NAME>, Expect a big win at SBET!

Get unlimited rebates up to 1.5% and win the jackpot amount! 

For more details, click here sbetphjili.com"
spam,"<REAL NAME>, Experience VIP greatness with JACKPOTCITY UNIQUE VIP Conversion! Convert up to PHP350,000 sign up now: jpcjili2.com"
spam,"<REAL NAME>, Experience Winningplus! 100% welcome bonus up to 1,000 + 3% GCash extra deposit bonus. Join today! winplusplay.com"
spam,"<REAL NAME>, Feeling Lucky today? Play Slot & Fishing at BETFIL & Get 50% EVERY DAY BONUS up to P1,000! bfilfish3.com"
spam,"<REAL NAME>, Gawin ang iyong unang deposito ng 177p at makakuha ng 100% deposit bonus! Ang Sl0t Machine Jackpot Pool ay 7777 Libre!th108.com"
spam,"<REAL NAME>, Get fun and play here on LODIBET! And get your 120% Welcome slots bonus upto 8888K  play! Play now! 95onebet.com/lodibet9999"
spam,"<REAL NAME>, Get in on the action with W+! Enjoy daily specials, including deposit BONUSES & 7% cashback! wplusbets2.com"
spam,"<REAL NAME>, GoJackpot  awaits you! Claim P777 now get 100% welcome bonus + 3% MAYA bonus + .6% daily rebate Join now! gojackpotph1.com"
spam,"<REAL NAME>, Hurry up & Enter the W+ BRAVERY RAFFLE DRAW today & Get PHP139,995! until April 10! wplusjoin2.com"
spam,"<REAL NAME>, Huwag palampasin ang WinningPlus! Makakuha ng 153% WEEKLY DEPOSIT BONUS + 1000 bonus para sa mga bagong user sa wpbingo3.com"
spam,"<REAL NAME>, It's the season of giving, so we're granting a 5,000 welcome bonus and you're-in to our Christmas raffle! Sign up now wp4fifa.com/7777FIFA"
spam,"<REAL NAME>, jackpot city REWARD CLUB! be our vip members and win more. 

Sign up now and get 20P and 5000CASH! jackpotcitynow.com"
spam,"<REAL NAME>, JACKPOTCITY is one of the fastest-growing online casino in the Philippines!

Big bonuses and Plenty of ongoing promotions.
Sign up now  jackpotcitywin888.com"
spam,"<REAL NAME>, Join SBET and win P21 Million Jackpot + 1% Deposit using Gcash & 1.2% Unlimited Rebate. Enjoy Sabong, Live Casino & more. Visit phsbet1.com"
spam,"<REAL NAME>, Log in to Gojackpot, play and win up to 8888! New promotion event + Gcash 3% Deposit bonus. Don't miss out on this epic opportunity! jpcroyal1.com"
spam,"<REAL NAME>, Make you Luck Today! Sign up at W+ now & get a 100% WELCOME BONUS up to P2000! wpjili.com"
spam,"<REAL NAME>, May bonus na 100-888! Mag rehistro ngayon at tuklasin ang mga espesyal na promo dito sa SBET!  ! Sali na! sbetslots3.com"
spam,"<REAL NAME>, Merry Christmas! Most awaited Christmas bonus and prizes For you is here! Join & play W+ now! Get É?Ò10,000 Sign up bonus & Win Brand new Motorcycle! wplusjili8.com"
spam,"<REAL NAME>, Register & Become the next Winner! Join WinningPlus Event now Win upto 159,900 & Win more ! Sign up wplusph.com"
spam,"<REAL NAME>, SBET has the best gaming experience and stable servers for our customers! Experience win big prizes and claim your daily bonus of  2,500 Get it now at sbetbestplay.com"
spam,"<REAL NAME>, Sbet Sabong: Your gateway to excitement! Score 888 FREE Credit, 1.2% rebates, and 1% GCash bonus. Play for massive wins at sbetphrich.com"
spam,"<REAL NAME>, Sugarbet Tournament: Win 18,888 Prize, 2,000 Free Credits & 3% Deposit Bonus! Join the Celebration Now! sgbetbonu3.com"
spam,"<REAL NAME>, Sumali sa BETFIL at mag-claim ng 120% na bonus sa pag-welcome! betfilbonu.com"
spam,"<REAL NAME>, Unlock your cravings with baccarat giveaway up to PHP 2500 at Sugarplay! Join now. sugarbetonline.com"
spam,"<REAL NAME>, Want more options? BETFIL offers a selection of 2000+ incredible SLOT games to play and WIN! betfilbonu.com"
spam,"<REAL NAME>, We can ensure that you will enjoy our Platform W+! FIFA W+ Sports, Join us and Win! Plus 100% SPORTS WELCOME BONUS UP TO PHP 3,000! Register now wdito4fifa.com/7777FIFA"
spam,"<REAL NAME>, Where the winners play WP! 10% Daily Cash Back upto P10,000! Sign up now wplusfish.com/777FIFA"
spam,"<REAL NAME>, Winning Plus! rewards you with up to 0.6% Sabong rebate! Don't wait, claim your rebate today. wpluspoker.com"
spam,"<REAL NAME>, WinPlus: Elevate your gaming! Play slots with 50% deposit bonus and win up to P500 + 3% bonus! Join at wplusdeals3.com"
spam,"100% na cashback para sa mga bagong dating, hanggang P19800! Magparehistro at mag-claim ngayon! http://jack-pot-8.live"
spam,"100% na cashback para sa mga bagong dating, hanggang P19800!
Magparehistro at mag-claim ngayon!  http://lucky888.mom"
spam,"100% na cashback para sa mga bagong dating, hanggang P19800!
Magparehistro at mag-claim ngayon! http://lucky888.mom"
spam,"100% na cashback para sa mga bagong dating, hanggang P19800!
Magparehistro at mag-claim ngayon! http://lucky-888.world"
spam,"100% na cashback para sa mga bagong dating, hanggang P19800!
Magparehistro at mag-claim ngayon! http://maswerte.city"
spam,"100% na cashback para sa mga bagong dating, hanggang P19800!
Magparehistro at mag-claim ngayon! http://maswerte.email"
spam,"100% na cashback para sa mga bagong dating, hanggang P19800!
Magparehistro at mag-claim ngayon! http://maswerte.group"
spam,"100% na cashback para sa mga bagong dating, hanggang P19800!
Magparehistro at mag-claim ngayon! http://maswerte77.live"
spam,"Ang pinakabago at pinakamainit na laro sa website ay 100% legal, sumali sa 1088P at ito ay magiging iyo http://maswerte.email"
spam,B D O-Advisory:Your registered mobile number needs to be updated today. Please update here: http://kh7.me/updatenow to continue receiving (OTP)
spam,"Bagong balita! Manalo araw-araw, kumita araw-araw, magparehistro para makatanggap ng 588 masuwerteng pulang sobre http://phhp.life"
spam,"Banco De Oro

You're having issues with account security. Please review them at centi.ai/BDOSecurity"
spam,"Binabati kita! Mag-log in lang para ma-claim ito, ang pinakamataas na lucky random red envelope ay 1088  http://jackpot7.pro"
spam,"Binabati kita! Mag-log in lang para ma-claim ito, ang pinakamataas na lucky random red envelope ay 1088  http://lucky888.world"
spam,"Binabati kita! Mag-log in lang para ma-claim ito, ang pinakamataas na lucky random red envelope ay 1088  http://okad666.life"
spam,"Binabati kita! Mag-log in lang para ma-claim ito, ang pinakamataas na lucky random red envelope ay 1088 http://fortunates.live"
spam,"Binabati kita! Mag-log in lang para ma-claim ito, ang pinakamataas na lucky random red envelope ay 1088 http://fortunates.pro"
spam,"Binabati kita! Mag-log in lang para ma-claim ito, ang pinakamataas na lucky random red envelope ay 1088 http://go646.world"
spam,"Binabati kita! Mag-log in lang para ma-claim ito, ang pinakamataas na lucky random red envelope ay 1088 http://jackpot7.info"
spam,"Binabati kita! Mag-log in lang para ma-claim ito, ang pinakamataas na lucky random red envelope ay 1088 http://lucky-777.world"
spam,"Binabati kita! Mag-log in lang para ma-claim ito, ang pinakamataas na lucky random red envelope ay 1088 http://maswerte77.world"
spam,"Binabati kita! Mag-log in lang para ma-claim ito, ang pinakamataas na lucky random red envelope ay 1088 http://maswerte77.wtf"
spam,"Binabati kita! Mag-log in lang para ma-claim ito, ang pinakamataas na lucky random red envelope ay 588! http://ddph.social"
spam,"Binabati kita! Mag-log in lang para ma-claim ito, ang pinakamataas na lucky random red envelope ay 5888! http://dxxdxx.news"
spam,"Binabati kita! Mag-log in lang para ma-claim ito, ang pinakamataas na lucky random red envelope ay 8888 http://ok-ada-777.me"
spam,By opting-out you may lose access to Smart & its Partners' special offers & promos.U can modify your privacy settings any time at http://smart.com.ph/privacy
spam,Claim your bonus at SBET today <REAL NAME> ! Deposit PHP50 or more and play your favourite casino games. sbetnow3.com
spam,COD63 Is Best Online Casino in The Philippines.Register Now  FREE 178 BONUS.24/7 Immediate Cash In/Out.More Promotions cod6311.xyz
spam,COD63 Is Best Online Casino in The Philippines.Register Now  FREE 178 BONUS.24/7 Immediate Cash In/Out.More Promotions cod6322.xyz
spam,"Congratulation!
Get your Awesome Rewards worth of
5,000 PHP from GCash Transfer it
to your Gcash Wallet. E GCash mo na yan!
from GCash
https://v.ht/GCashawesome"
spam,"DEAR VIP <REAL NAME>! It's finally time for cockfighting and slot machines!

Here at SBET! Join today to receive up to 88k in prizes and a FREE BET 100 CREDIT. Sign up now!    sbet8vip.com/SABONGNOW"
spam,"DEAR VIP, <REAL NAME>! Enjoy your self here @SBET! Get your P20 BONUS, when you register and get verified + FREE 100 COINS! Play and win up to Php. 88,000 Sign up now sabongsasbet.com/SABONGFIGHT"
spam,"Dear! You are so lucky, your account got 10000USDT prize!Google play or APP store search for mybitglobal to download apps"
spam,"Free 880, get it for free, please log in to https://ty9445.com/?a=74044  to get 880! First come first served! !"
spam,"Free 899php , 100%cash back
start from now , comes and claim as soon as possible https://fbb899.work/Ywo4e"
spam,"Free bonus 500P, join us and get your lucky 
https://lcplay2.com/bUBX3"
spam,"GCASH: Your account is temporarily on-hold, due to security purposes. Kindly verify here https://mub.me/GCashGLife"
spam,"Ginagamit ako ng mayayaman para kumita, subukan mo!http://2x1fa81m.uk5g1m.com/2bavl?c=1"
spam,"Good day <REAL NAME>, Come and join UNIBET now and claim Continuous sign-in bonus, up to 55555! Register here unibetwins.com"
spam,"Good day <REAL NAME>, you have FREE 1000 here UNIBET!

Refer Now To Get 30% Profit & 1000 Bonus From your Referral! unibetnow0.com"
spam,"Goodnews! This February, feel the love, <REAL NAME>! 

Join today for a chance to win a couple's ring worth P100,000 in our Valentine's Love Draw at jackpotcityluck777.com
"
spam,"Greetings from:GCash Support,Get ready  
to start your GCash Prepaid sim registration to avoid  
account blocking click here:
https://pxlfy.me/register-ph"
spam,"Happy Holiday! Kalmado ang Panahon! Oras na para alisin ang stress mo!
Marami pwede pagpilian at nakakalibang dito! Have Fun and Enjoy at  maksibet79.com/Live"
spam,"Hello 
  4 9 3 4  
 Use it please"
spam,"Hello <REAL NAME>, Invite player now to get their 30% Profit & Every 1000 from every player from you ! Click here unibetdito11.com"
spam,"Hello! <REAL NAME>, BRAND NEW HONDA CBR150R worth Php159,900 can be yours! Join Panagbenga Festival here in W+ Sign up now wplusp8.com"
spam,"Hello, no deposit, free 1999 P bonus, please login  https://hsb387.com"
spam,"Hello, you have won the prize 2180P to enter     https://ro353.world"
spam,"Hello, you have won the prize 2180P to enter http://lucky888.pro"
spam,"Hi <REAL NAME>,  Experience the highest-winning JILI SLOTS game now on Google APP! Redeem FREE PHP33 and win your Jackpot. Download now at vip8wclub.com/PusoySabong or search Winner Club at Play Store.

Redeem code : <8833>
(Please go to Deposit/BUY, then enter Redeem code"
spam,"Hi <REAL NAME>, Happy New Year! It's your chance to win a Motorcycle and upto 300kPHP! click here wplus8rich.com"
spam,Isang rehistro na lang ang layo mo sa milyonaryo. I-click ang Magrehistro ngayon!.Google play or APP store search for mybitglobal to download apps
spam,"It's Tuesday! It's nice to rest and relax with philexpress.news/Live here, you're sure to have a good day!"
spam,"JILI MAX WIN 10,000x rewards, Register now! https://luck8.cloud/NLDXr"
spam,"JILI MAX WIN 10,000x rewards, Register now!
https://lcplayer.com/5AvNM"
spam,"Kapal mo may pa allergy ka pa sa manok eh hayop ka naman kung kumain sa mcdo

-Sent via FSMS"
spam,"magandang balita! Mga bagong aktibidad, kumita araw-araw, magparehistro para makatanggap ng hanggang 5888 bonus http://mygo646.live"
spam,"magandang balita! Mga bagong aktibidad, kumita araw-araw, magparehistro para makatanggap ng hanggang 888 bonus http://bcps.asia"
spam,"magandang balita! Mga bagong aktibidad, kumita araw-araw, magparehistro para makatanggap ng hanggang 888 bonus http://phhp.life"
spam,"magandang balita! Mga bagong aktibidad, kumita araw-araw, magparehistro para makatanggap ng hanggang 9888 bonus http://phhp.life"
spam,"Magandang balita, magbukas ng account ngayon at makakuha ng 50MBG ng airdrop coins!.Google play or APP store search for mybitglobal to download apps"
spam,"Mas mainam na maging  boss ang sarili, propesyunal na trading tutor at 1-on-1 na gabay kasama ka!/WhatsApp1 +639851908574 WhatsApp2 +639851908571"
spam,"May mga additional bonus sa iyong unang deposito araw-araw, at makakakuha ka ng additional 50% na bonus. Ano pa ang hinihintay mo?  http://jackpot7.world"
spam,"NEWEST HOTTEST SITE
JILI GAMES 100% LEGIT
LIBRENG 1088P
DITO NA ANG SWERTE NYO
SALI NA  http://maswerte77.world"
spam,"NEWEST HOTTEST SITE
JILI GAMES 100% LEGIT
LIBRENG 1088P
DITO NA ANG SWERTE NYO
SALI NA http://auspiciou.life"
spam,"NEWEST HOTTEST SITE
JILI GAMES 100% LEGIT
LIBRENG 1088P
DITO NA ANG SWERTE NYO
SALI NA http://fortunates.life"
spam,"NEWEST HOTTEST SITE
JILI GAMES 100% LEGIT
LIBRENG 1088P
DITO NA ANG SWERTE NYO
SALI NA http://maswerte.info"
spam,"NEWEST HOTTEST SITE
JILI GAMES 100% LEGIT
LIBRENG 1088P
DITO NA ANG SWERTE NYO
SALI NA http://maswerte.wtf"
spam,"NEWEST HOTTEST SITE
JILI GAMES 100% LEGIT
LIBRENG 1088P
DITO NA ANG SWERTE NYO
SALI NA http://maswerte77.life"
spam,"Play in the comfort of your home, <REAL NAME> !

Come and Join at the W+ PANAGBENGA Festival events and you will win Motorcycles, Appliances & more! Get your 50% Daily Deposit Bonus up to É?Ò1,000! Hurry & click now wpdito1.com"
spam,Please text me.
spam,"Ready to win at U B E T? Claim PHP2,000 Welcome Bonus + 3% GCash Deposit Bonus. Sign up now! u7betph1.com"
spam,"Salamat sa lahat ng miyembro! Kwalipikado ka para sa 888P lingguhang masuwerteng bonus, mag-sign up at kunin ito! http://bests.asia"
spam,"Salamat sa lahat ng miyembro! Kwalipikado ka para sa 888P lingguhang masuwerteng bonus, mag-sign up at kunin ito! http://phdxx.org"
spam,"Thanks to all members! You are eligible for 8888P weekly lucky bonus, sign up and claim it! http://okada777.rocks"
spam,"Today Feb 23, 2023 Thursday you are invited to our Hiring day (Exam & Interview) "
spam,"Top casino bingo, slots, proxy promosyon magpadala ng cash 66 (http://pfjh.info )"
spam,"Verification code: 78700
Please use this code to proceed access to the Consent Management Page.

Note: This verification code is valid for only 48 hours."
ham, good morning sir. <REAL NAME> perdez ruiz jr. this is chris from converge tanong ko lang po kung nakabitan na po ba kayo?
ham," Never run out of data. Always check your load balance and subscriptions with just a tap on the GigaLife App! Tap ""Check Usage"" on smrt.ph/GigaLifeApp NOW!"
ham, Never run out of data. Manage your account & subscriptions with just a tap in the Smart App smrt.ph/CheckUsage
ham, Never run out of data. Manage your account & subscriptions with just a tap on smrt.ph/GigaLifeUsage
ham, We hope you enjoyed your promo. Add Load NOW at smrt.ph/GigaLifeApp! Try DOUBLE GIGA STORIES+ 130 and get up to 17 GB Data valid for 7 days!
ham, We hope you enjoyed your promo. Add Load NOW at smrt.ph/SmartApp! Try DOUBLE GIGA STORIES+ 130 and get up to 17 GB Data valid for 7 days!
ham,"[Binance] Verification code: <CODE>. If this was not you, please inform Support. Beware of scam calls and SMS phishing. Verify sources with Binance Verify."
ham,[Bondee] Verification Code: <CODE>. Please complete verification within 30 minutes. Don't share this code with others.
ham,[NCA888 LIV] <CODE> please remember this code for future access. thank you.
ham,<#> PayPal: Your security code is 194838. Your code expires in 10 minutes. Please don't reply. 3/3p3o0TedB
ham,"<DATE> Sorry, no loan offers currently available. To check and avail other loan services, dial *123#, go to Balance/Services > Smart Credit. "
ham,08/09 21:04: P200.00 loaded to 09236561011 from xxxxxxxx0344 for 1 year. Ref:AI88RYW1EK. Get MORE with PROMO LOAD in the Smart App!
ham,1/2 01-Oct 19:20: P150 loaded to 09236561011 from XXXXXXXX0245 for 1 year. Ref:AJ12UGS300. Get MORE with PROMO LOAD in the Smart App!
ham,1/2 09-Oct 08:54: P100 loaded to 09236561011 from XXXXXXXX7428 for 1 year. Ref:AJ96V9HQLM. Get MORE with PROMO LOAD in the Smart App!
ham,1/2 Babala : Huwag magbibigay ng kahit anong impormasyon via SMS. Do not click suspicious links. Block them.
ham,"1/2 HUWAG MANIWALA SA TEXT NA NAGLALAMAN NG INYONG 
PANGALAN NA NAG-AALOK NG TRABAHO, PABUYA O PERA. ITO AY 
ISANG SCAM."
ham,"1/2 HUWAG MANIWALA SA TEXT NA NAGLALAMAN NG PAGHIKAYAT O PAGSALI SA ANUMANG LARO O NAG-AALOK NG PANALO, PABUYA O PERA."
ham,1/2 Warning: Registration of SIM cards using false information or someone else's identity is illegal.
ham,12k na send mo.
ham,1k pa
ham,"2/2 Do not share your OTP, nor take calls or respond to texts from unknown numbers."
ham,2/2 Get MORE Load for less with the all NEW PROMO LOAD! Buy P300 and get a total of P333 Load valid for 30 days. Get NOW at smrt.ph/SmartApp
ham,"2/2 I-REPORT SA HTTPS://NTC.GOV.PH o TUMAWAG SA 
NTC HOTLINE 1682."
ham,2/2 ITO AY ISANG SCAM.I-REPORT SA HTTPS://NTC.GOV.PH O ITAWAG SA NTC HOTLINE 1682
ham,"2/2 Manage your account, access the most EXCLUSIVE promos & do MORE with Smart App! It's easy and reliable. Download now! smrt.ph/SmartApp"
ham,"2/2 The SIM Registration Act (RA11934) provides a penalty for violators of up to P300k or imprisonment of up to 2 years, or both."
ham,"23Aug01:13 AM
Regular Load: P2.00 Exp: 16Aug2024 12:10PM
Magic Data (No Expiry) MB: 1970"
ham,300 sendan moko
ham,"35xxxxxx86, Your contribution payment for 202303 amounting to 560 has been posted"
ham,"35xxxxxx86, Your contribution payment for 202304 amounting to 1260 has been posted"
ham,"35xxxxxx86, Your contribution payment for 202305 amounting to 1260 has been posted"
ham,4500 lang pala 
ham,"ADVISORY: Your SIM is already registered and qualified to receive special offers! Simply go to https://apps.smart.com.ph/privacy and allow us to notify you about these limited offers.

As a bonus, we're giving you FREE 2 GB for 2 days when you opt in."
ham,"An ATM withdrawal of PHP 10,015.00 was made using your EW Visa Card ending in ************8230 on 28/08/2023. Call  +63288881700 or your store of account for inquiries."
ham,Awesome! You can now enjoy 2 GB MAGIC DATA FOR ALL SITES (NO EXPIRY) with MAGIC DATA 99. Make sure to maintain at least P1 load to keep your SIM active.
ham,Awesome! You can now enjoy UNLI DATA FOR ALL SITES & APPS for 7 days with UNLI DATA 175. 
ham,"BABALA:  HUWAG PO KAYONG MANIWALA SA TEXT NA NAGLALAMAN NG INYONG PANGALAN NA NAG-AALOK NG TRABAHO, PABUYA O PERA.  ITO PO AY ISANG SCAM."
ham,"BABALA: HUWAG PONG MANIWALA SA TEXT NA NAG-AALOK NG TRABAHO NA MAY PANGAKO NG MALAKING SWELDO, ITO PO AY SCAM."
ham,"BABALA: HUWAG PONG MANIWALA SA TEXT NA NAGLALAMAN NG INYONG PANGALAN NA NAG-AALOK NG TRABAHO,PABUYA O PERA. ITO PO AY ISANG SCAM. I-REPORT SA HTTPS://NTC.GOV.PH"
ham,Babala:Huwag ibigay ang personal na impormasyon sa text o email mula sa mga hindi kilalang number o email address.Maging ligtas at huwag maging biktima ng scam.
ham,Carlo Sarah
ham,"Continue to load up and subscribe to your favorite promos through the following channels: Suking Tindahan near you, Convenience Stores, Smart app https://smrt.ph/GetSmartApp, Maya and Smart Online Store!"
ham,Converge repair team pasuyo nalang po sir paabang nalang po sa labas..salamat
ham,Dedmahin mo lang 
ham,"Did you request to do BANK TRANSFER to East West Banking Corporation account no. ending in 4852 with amount of <AMOUNT>? If not, DON'T ENTER YOUR OTP ON ANY SITE OR SEND IT TO ANYONE because IT'S A SCAM!
If you requested, your OTP is 010115."
ham,"DILG: Tara! Tumakbo kontra-droga at mag-register ng SIM sa BIDA Fun Run at Serbisyo Caravan ng DILG sa PEBRERO 26, 4:00AM sa Block 16, SM MOA Complex, Pasay!"
ham,Dito ako sa labas ng court
ham,"DoH: Makiisa sa Chikiting Ligtas Campaign! Pabakunahan ang inyong anak laban Polio, Rubella at Tigdas, sa pinakamalapit na health center sa inyong lugar."
ham,"DoH: Tara na sa Chikiting Ligtas Campaign! Pabakunahan ang mga anak laban Polio, Rubella, at Tigdas mula May 1 hanggang 31."
ham,Dto npo ako sa labas ty
ham,Enjoy the quickest way to shop online! Activate your FREE virtual Maya card in minutes on the app and start spending in no time.
ham,Gcash p send ako 200
ham,"Get 100% cashback on load when you keep P1,000 in Maya for 2 days or more. Max cashback of P50 for Basic users & P100 for Upgraded users. Promo until June 30. DTI144172."
ham,Get MORE Load for less with the all NEW PROMO LOAD! Buy P300 and get a total of P333 Load valid for 30 days. Get NOW at smrt.ph/SmartApp
ham,"GigaLife app is now called Smart app!

Do it all within your phone, that's the Smart app for you!
Get the app today! Tap smrt.ph/GetSmartApp"
ham,"Going to *123# or the Smart app gives Smart Subscribers MORE out of their load! 

Like FREE 100 Allnet Calls + 100 Allnet Texts for 3 days when buying MAGIC DATA 99 NOW! #BeMORE"
ham,"Happy 10.10 Money Day! Dive into the ultimate savings and rewards from Maya for your bank, wallet, crypto, and beyond! Ready? Open your Missions in the app now."
ham,"Hi <REAL NAME>! Thank you for registering to GInvest. We are happy to inform you that our  partner fund providers have approved your registration, and you can now start investing in the products available on GInvest!"
ham,"Hi <REAL NAME>. Sorry, we are unable to activate your Virtual Pag-IBIG Account. To help you with your activation request, we have sent the reason/s why we were unable to activate your account to your email address <REAL NAME>*******@gm***.com. Once you have addressed these reasons, you may resubmit your Virtual Pag-IBIG Account activation request conveniently through a link we provided in the same email. We look forward to serving you online, anytime, anywhere via Virtual Pag-IBIG. Thank you."
ham,"Hi <REAL NAME>. You have successfully created your Virtual Pag-IBIG Account.  We will notify you via another text message once your account has been activated for you to start viewing your Pag-IBIG Savings and Loan records, and enjoy many, many more services via Virtual Pag-IBIG.  In the meantime, you may visit Virtual Pag-IBIG and apply for a Short-Term Loan, save and pay online or chat with us, safely and conveniently even without a Virtual Pag-IBIG Account. Thank you and stay safe."
ham,Hi <REAL NAME>. Your One-Time PIN (OTP) for Virtual Pag-IBIG is 2618. This is valid for 10 minutes. Reference Code: EXOKCC
ham,Hi <REAL NAME>. Your One-Time PIN (OTP) for Virtual Pag-IBIG is 4736. This is valid for 10 minutes. Reference Code: TWSVTF
ham,"Hi Good day, 


This is from McDonald's Buendia Pasay, 

May I ask if you are still interested to continue your application as a service crew? 

Hoping for your feedback 

Thank you."
ham,"HUWAG MANIWALA SA TEXT NA MAY PANGALAN NINYO AT ALOK NA TRABAHO, PABUYA O PERA. ITO AY ISANG SCAM. I-REPORT SA HTTPS://NTC.GOV.PH o TUMAWAG SA NTC HOTLINE 1682"
ham,HUWAG MANIWALA SA TEXT TUNGKOL SA PERA O BANK VERIFICATION. ITO AY ISANG SCAM. I-REPORT SA HTTPS://NTC.GOV.PH o TUMAWAG SA NTC HOTLINE 1682
ham,HUWAG PO KAYONG MANIWALA SA TEXT NA NAG-AALOK NG TRABAHO NA MAY PANGAKO NA MALAKING SWELDO. ITO PO AY ISANG SCAM.
ham,"HUWAG PONG MANIWALA SA TEXT NA NAGLALAMAN NG 
INYONG PANGALAN NA NAG-AALOK NG TRABAHO, 
PABUYA O PERA. ITO PO AY ISANG SCAM. I-REPORT SA 
HTTPS://NTC.GOV.PH"
ham,"HUWAG PONG MANIWALA SA TEXT NA NAGLALAMAN NG INYONG PANGALAN NA NAG-AALOK NG TRABAHO,
PABUYA O PERA. ITO PO AY ISANG SCAM. I-REPORT SA HTTPS://NTC.GOV.PH"
ham,"J&T DELIVERY!TN: <REFERENCE NUMBER> Rider:John Go,639052266595. For COD pls prepare exact amount. Photo proof of delivery is required. Thanks and be safe!"
ham,"J&T DELIVERY!TN: <REFERENCE NUMBER> Rider:Roberto Villarico,639194440610. For COD pls prepare exact amount. Photo proof of delivery is required. Thanks and be safe!"
ham,Jr   ipadala mo sa g Cash ni  emman     
ham,Jr tawag  kayo
ham,"Jr's, you have a new friend on Facebook: https://fb.com/l/1Mlr34ZRRZoJyBi

Reply ""stop"" or go to https://fb.me/1ZcYwsRsK1QDEnS to turn off SMS for your Facebook account on this mobile number."
ham,"JUST FOR YOU: GET GIGA 50 with FREE TIKTOK ARAW-ARAW! 'Di ka na mahuhuli sa trends! 

Tap DON'T MISS OUT on smrt.ph/GigaLifeApp or dial *123# for FREE TIKTOK!"
ham,Kuya 
ham,Kuya   good morning
ham,Kuya  dagdagan mo  gawin mo 3200 
ham,Kuya  tawag kayo
ham,Kuya jr
ham,Kyle L
ham,"Magandang Araw <REAL NAME>Ruiz, Shopee Delivery!
Ihahatid namin ang parcel sa inyong delivery address. Bilang bahagi ng aming proseso ng pagdeliver at napapailalaim sa iyong pahintulot, kami ay mangongolekta ng litrato bilang katibayan ng paghatid (Proof of Delivery). Pakihanda ang inyong bayad na 0 PHP para sa COD orders, o authorization letter/ID para sa non-COD orders.
Pag may katanungan, pakitawagan ang numerong 02-8805200. Maraming Salamat!"
ham,"Manage your account, access the most EXCLUSIVE promos & do MORE with Smart App! It's easy and reliable. Download now! smrt.ph/SmartApp"
ham,Messenger 
ham,Nag chat ako
ham,Nag send 
ham,Nag send ako
ham,"NDRRMC (1:35AM, 27Sept21) Isang Magnitude 5.7 na lindol ang naganap sa Looc, Occidental Mindoro kaninang 1:12AM. Aftershocks at damages ay inaasahan."
ham,Need ko
ham,"Never miss a payment deadline when you pay your Home Credit, Cashalo and other loan payments easily, and on time with Maya. 

Plus, be one of 50 lucky winners who can get up to PHP5k cashback! Tap to pay bills today http://mayaph.co/22JulyBills"
ham,Now na 
ham,Now na kuya jr 
ham,Ok na po yung pngwa niyu po n eyeglass
ham,Okay
ham,Pa send ako 500
ham,"PAALALA: ANG PAG-REHISTRO NG SIM AY LIBRE. MAG-INGAT DIN AT WAG MANIWALA SA MGA HINDI KILALA NA NAG-AALOK NG TULONG SA PAGPAPAREHISTRO, MAY BAYAD MAN O WALA."
ham,Pakuha ako ng order ko nasa labas bayad na yun
ham,Pakuha ako ng parcel ko bayad na nasa court 
ham,PayPal: 375701 is your password recovery code. Don't share your code.
ham,PayPal: 644813 is your security code. Don't share your code.
ham,PayPal: 759206 is your security code. Don't share your code.
ham,pbb3fv24 is your confirmation code to reset your Twitter password. Don't reply to this message with your code.
ham,salamat po
ham,San po kyo banda
ham,Sanka na daw!?
ham,Send ka nga 400 dito 
ham,Send mo na 
ham,Send mo na now na
ham,Sendan moko 
ham,"SHOPEE: TO UPDATE YOUR PASSWORD, use OTP code 719872. Valid for 15 mins. NEVER share this code with others, including Shopee staff.

"
ham,sir goodafternoon I'm chris from converge baka may irereffer kayo na gusto magpakabit ng internet salamat po
ham,Sir pa add po ako sa messenger
ham,Tagal
ham,"Telegram code: <CODE>
You can also tap on this link to log in:
https://t.me/login/<CODE>"
ham,"Telegram code: <CODE>
You can also tap on this link to log in:
https://t.me/login/13302"
ham,Thanks
ham,"Uncover exciting FREEBIES just for YOU on Smart app https://smrt.ph/GetSmartApp or when you dial *123#!

Hint: Load MAGIC DATA 199 NOW and see what you'll get!"
ham,Use <CODE> for two-factor authentication on Facebook.
ham,Use verification code <CODE> for Microsoft authentication.
ham,Use verification code 842120 for Technological Uni... authentication.
ham,Wag ka mag seen 
ham,Wag na PAL
ham,Wag na pala
ham,Xoom: Changlee sent you 550.00  PHP. The transfer is complete. Txn# XHZFS3MM.   Reply STOP to unsubscribe.
ham,"You can win P10,000! Get it by just logging in to your Maya app. ???ù Earn one raffle entry when you log in and you could be one of the 10 lucky winners!"
ham,You have 50 MB left in your MAGIC DATA.!!Want DOUBLE GIGA? Use *123# or smrt.ph/GigaLifeApp!
ham,Your Binance login verification code: <CODE>. Do not share this code with anyone. Visit your Binance account now.
ham,Your GCash wallet balance is <AMOUNT> as of <DATE> <TIME>. Ref. No. <REFERENCE NUMBER>. Get rebates when you buy load using GCash! Visit globe.com.ph/gcash for more info.
ham,Your Netflix verification code is <CODE>. Please don't share this code with anyone.
ham,Your One-Time Password (OTP) is <CODE>. Kindly use this to proceed with the next process. Please enter within 5 minutes.
ham,Your Twitter confirmation code is 329010.
ham,Your Unli Allnet Texts has expired.                                                                                                                            
ham,Your Unli Allnet Texts will expire in 2 hours.                                                                                                                 
ham,Your UNLI DATA has expired.                                                                                                                                    
ham,Your UNLI DATA will expire in 60 minutes.                                                                                                                      
ham,You're trying to access sites not included in your promo OR haven't subscribed to one yet.                                                                     
ham,I love you too!! 
ham,Ako rin meron
ham,Magluto ka na 
ham,Sakalin kita eh HAHAHAHA
ham,Pasundo ako sa pilar gising mo c neco sa dulo
ham,Day pk txt ung lbs
ham,Ska ky papa mo
ham,Mg10 n ho knina kpa tnwagan n papa m .San n c Jalen
ham,Day bka abutin nmn kau allas 9  nkkahiya sa kpot bhay
ham,O  alas 9:30
ham,Wla ng pasko
ham,Pagising ky rianna
ham,I love youuuuuuu
ham,Libre mo'ko ha
ham,May bayad yan mamaya ha 
ham,Asa recto ka na ba love?
ham,Pupuntahan kita saglit alis na'ko
ham,Sto. Domingo love sa harap may nakalagay
ham,Cubao love Q.I. nakalagay sa harap 
ham,Sabihin mo puregold q.i ka baba
ham,Ok lang yon dadaan pa rin yan sabihin mo lang puregold qi
ham,San ka ba nakapwesto mainit ba jan?
ham,Dapat sa may overpass ka nag antay love hindi sa inaantayan natin diretsong underpass
ham,Basta pag may nakita kang cubao sakay ka na agad or sto domingo 
ham,Ingat love dapat sinundo na kita eh hahaha
ham,Andito lang ako sa may dunkin
ham,Keepsafe loveee
ham,Nakasakay na'ko pauwe
ham,San ka na? Byahilo na ba? HAHAHAHA
ham,My pasok c yanna
ham,Andito ako sa labas nakakahiya sumigaw 
ham,Gising ka naaaa
ham,Asan ka love?
ham,Andito na'ko
ham,Chat ka pag malapit ka na sto domingo 
ham,Text mo'ko love pag nalapit ka na or chat 
ham,Andito na'ko love
ham,Andito na kami kela edmond tapos lilipat kami kela von 'di raw pwede sa kanila
ham,Walang signal dito HAHAHAHA
ham,di pa kami nag iistart nagkkwentuhan lang 
ham,Dinala mba picture
ham, Bkit dmo sinama ung  salamin sa mata
ham,BILI KA RAW BUKO
ham,"Kamusta nak ,san kna."
ham,Rica uwe kna
ham,San ka
ham,D bumili ka jan 
ham, Cno kasama mo jan
ham,My mga tindahan nman jan  
ham,Nkapila kb
ham,  Oo ano problema mo
ham, My bayad b ?
ham,My gcash kb
ham,Mag gcash ka jan my tira pa gcash ko db
ham,Di ka rin makaka cash out.
ham,Di ka verified diba?
ham,Hiram ka muna kay jalen tapos punta kayo dito.
ham,Para mabalik yung hihiramin mo.
ham,Oo wait lng d2 na ako tayuman
ham,"Day handa kana sa tayuman na ako,TX kita pag lapit na ako"
ham,Labas kna nak
ham,Day e chat mo labas sa akin low bat mama mo
ham,Papunta na ako jan nak
ham,Sa pure gold paliparan 
ham,Malayo kapa?
ham,Saan na kayo?
ham,Atehh saing ka daw sabi ni mama
ham,Loadan ka ni papa mo 10
ham,Bili nlng kayo ulam
ham,Hindi kami makauwe
ham, Bukas pa
ham,Kanino 18-21
ham,Ikaw bahala jan
ham,Bukas pa nak kilangan ng maayos ung bahay bukas
ham,Pautang nlng muna ako jan da pira mo uwe n kami bukas
ham,Pa may klase ako maya ka na tumawag
ham,Mag open ka dw day sabi ng mama mo
spam,"Hello, new free money bonus 1800 with no deposit condition, please login  https://lo40.today to get free money 1800 now"
spam,Good day my dear contact me via email asap:mrsc4906@gmail.com\n\n
spam,"fuelsca345@gmail.com, Do message my email for a talk, please"
spam,contact { dvurne@gmail.com } Immediately..
spam,"Dear Genaro, we look forward to reactivating your account after our time apart. Update your information by downloading the Record Update Form from this link https://qrco.de/melco-form. Send completed form, scanned copy of your valid ID and selfie holding ID provided to melcoclub@cod-manila.com [Subject: Profile Update]. For more info, you may contact us at 8691 8975. T&C apply. 21YO+ Keep It Fun!"
spam,"Walang Katapusang Panalo! makakuha ng 50% bonus sa unang deposito, sa pinakasikat na gaming platform sa mundo!  http://fdsv05.site"
spam,"Dear Genaro, we will be glad to welcome you back to City of Dreams Manila!  Reactivate your account by updating your information. Download the Melco Club App through this link https://qrco.de/melcoclub. Visit us and enjoy a wide variety of membership benefits and privileges. Play It Safe! T&C apply. 21YO+ Keep It Fun!"
spam,"RICAMAE JOY C.,Pangako na bibigyan ka ng ¬§10, bilisan magrehistro http://roqbo8.com"
spam,"BE ONE OF THE LUCKY WINNERS TONIGHT SA FIRST DRAW OF MEGA MILLIONS UPTO 1MILLION CASH PRIZES @ CHACHING BINGO BLUMENTRITT! (40)10K, (4)50K, (2)100K, 200,000! ME TIME KA PA TO ADD ENTRIES! FREE DINNER, UNLI DRINKS. VISIT US @ 2520 P. GUEVARRA ST. STA. CRUZ MANILA. ROUNDTOP: BINGO PILIPINO 623K, MULTI MEGA 613K, OTIUM 348K. KEEP ON PLAYING, TO MORE CHANCES OF WINNING!"
spam,"Ang pinakamainit na gaming platform ng 2022! Lodi, hanggang 100% cash back sa iyong unang deposito, i-download ang: http://fdsv04.contact"
spam,Ëè≤ÂæãÂÆæÊîøÂ∫úËÆ∏ÂèØÔºåÊ≠£ËßÑÁâåÁÖßÔºÅ\nÈáçÁ£ÖÔºöÊîØÊåÅÂä†ÂØÜË¥ßÂ∏ÅÔºÅ\nËÄÅËôéÊú∫„ÄÅÊçïÈ±º„ÄÅÁúü‰∫∫ÁôæÂÆ∂‰πêÂä©ÊÇ®ÂºÄÂêØË¥¢ÂØå‰πãÈó®ÔºÅ\nÁæé‰∏ΩÊÄßÊÑüÁöÑËç∑ÂÆòÁ≠âÁùÄ‰∏éÊÇ®Áõ∏Á∫¶ÔºÅ\nhttps://bet88.ph/zh/casino/page/4/Fishing-games?ref=2\nÂÆâÂÖ®Ê≠£ËßÑÂêàÊ≥ïÁöÑÂ≠ò/ÂèñÊ¨æÊ∏†ÈÅì„ÄÇ
spam,NBET (CRAZY TIME) promo\nTumaya para sa pagkakataong manalo ng malalaking premyo at dagdag na lingguhang bonus\nlink ng laro : yueink.in/sLo39 BobH
spam,"DEAR VIP, Enjoy playing live casino with our pretty & sexy dealer here in SBET! Win up to 88k cash, plus 100 FREE COINS! Sbet14 . com"
spam,"RICAMAE JOY C., Sp√ând m0re tim3 here SB3T! Sign √úp now to get 1% DEP0SIT BONUS ON GCASH. sbetdito . (com)"
spam,"FROM IVANA ALAWI W/LOVE! FREE P500, NO DEPOSIT NEEDED, 3 EASY STEPS! MESSAGE CHAT BOX W/ CODE <BINGO 500> TO AVAIL. https://bet88.ph/en/casino/page/3/bingo?ref=iva88&ca=jim"
spam,"RICAMAE JOY C., Maging isa sa 10 Lucky daw winners ay makakatanggap ng iphone 14PROMAX(256)GB dito lang sa W+! Magrehister ngayon! winningplus. (top)"
spam,Feeling lucky!!! Play slots at 8k81.in and win more cash prizes Sign up for free and get $88 experience bonus
spam,"Get 600 P for free, click; https://www.taya369.com/?a=134851"
spam,"RICAMAE JOY C., Get your welcome b√ònus up to P2,000 at T1BET ! sign up now & play t1phnew.  c o m"
spam,"RICAMAE JOY C.,  JACKP0TCITY is waiting for you! Win Jewelry Necklace Market price is 50k and more! Sign up now!  jackpot cityph. (xyz)"
spam,"RICAMAE JOY C., Next level Games @ JACKPOT CITY! Enjoy Daily Cashback up to 100%! jackpot cityph. xyz"
spam,"Get 2000 P for free, click; https://www.bd55365.com/?a=102358"
spam,"JP7 Daily L0g-in get f*ee Bo/nus 99-P, Claim Now: jp7.site/bc FYPO"
spam,"Hello, new free money bonus 500 with no deposit condition, please login https://www.aq1358.com/?a=102364 to get free money 500 now"
spam,"Hello, 500 to 500 p to youÔºåclick; https://www.kp8011.com/?a=178246  to get free money 500 now"
spam,"Hello, new free money bonus 600 with no deposit condition, please login https://www.d9ii93.com/?a=136212 to get free money 600 now"
spam,C0ngratulat1on  https://de456.info  1kaw @ng masuwerteng nanal0 m@g s1gn up at kun1n @ng P 1999 ngay0n
spam,"100% na cashback para sa mga bagong dating, hanggang P19800! Magparehistro at mag-claim ngayon! w1913.xyz/5Yet2ws\r\n"
spam,"Top casino bingo, slots, proxy promosyon magpadala ng cash 66 (http://cc6l.co)"
spam,"Get 800 P for free, click; https://www.sii3j3.com"
spam,"Dear user, your ac count has a cash deposit of 199 P, please log in;   https://www.drtg.today  To Receive"
spam,„Äêgamebet„ÄëNakarehistro sa ‚Ç±8888 \nhttps://gamebet.im/ool
spam,"100% na cashback para sa mga bagong dating, hanggang P19800! Magparehistro at mag-claim ngayon!w19games.ph/7Psf5sm"
spam,"Dear user, your ac count has a cash deposit of 199 P, please log in; https://www.fvb234.shop  To Receive"
spam,"Hello, new free money bonus 500 with no deposit condition, please login http://d9ii93.com  to get free money 500 now"
spam,„Äêgamebet„ÄëNakarehistro sa ‚Ç±8888 \nhttps://gamebet.lu/dx53
spam,"RICAMAE JOY C. GCash revival! P2000 Promo, 3% on WPLUS! 77777.—É–∫—Ä"
spam,"Hello, new free money bonus 500 with no deposit condition, please login 5j80m.com/?a=134833 to get free money 500 now"
spam,"W19 Games, the exclusive GCash partner, the only one platform accept GCash now in Philippines!lnnk.in/jAeF"
spam,"Ang pinakamahusay na Online Games 8K8 ay nag-aalok sa iyo ng 188P.\nGcash Cash out!\nMagrehistro para makuha ito\nJili, FC, TP, CQ9... 5OO+ Laro\nhttp://8k849.com"
spam,"Suriin ang iyong impormasyon , 131789 ! kumpirmahin ang iyong SMS, huwag upang ibahagi sa iba rappler.com"
spam,„Äêgamebet„ÄëNakarehistro sa ‚Ç±8888 \nhttps://gamebet.lu/dx01
spam,"Hello, you have won the prize 777P to enter  http://chyy77.com"
spam,"Hello, you have won the prize 888P to enter http://sergsd.com"
spam,"Ang mga nangungunang casino bingo games, slot machine, mga user ay makakatanggap ng 10,000P para sa pagpaparehistro http://www.66benza.com/?f=26"
spam,"Hello, you have won the prize 999P to enter   http://ccb8.xyz"
spam,"Hello, you have won the prize 588P to enter \r\nss775.live"
spam,Sumali na sa PWIN777! Exclusive member Red Envelope promo! Manalo ng hanggang P77777!\r\np777a15.site
spam,"Happy Weekend! Get a 53% Deposit Bonus, Get 4777 Free Prizes in our Dynamic Event, and new players receive 777 Free Bonus for high Slot Jackpots at GJPnow.com"
spam,"8*K*8 bagong miyembro 100% cash back benefit, Dep0s1t 188 at makakuha ng 188 fr33, i-click ang { http://ph14.in } para i-claim ito."
spam,"SG777  Magrehistro upang makatanggap ng 137p, tumaya sa pulang sobre na bonus araw-araw, at tumanggap ng cash na pulang sobre araw-araw: https://sg777.live/"
spam,Get up to 88P FREE with JlLI APP Download! Link: sz1.bha99.com/register
spam,Happy Jackpot Slot Weekend at GoJackpotCity! Join MADNESS SLOT to win 4777 prizes & get 53% extra deposit bonus. New users get 153% bonus. Visit GoJpluck.com
spam,"Weekend fun at Pwin777! Win an iPhone 14 Pro Max, daily bonuses up to 77777p, and exciting events. Visit p777a11.xyz now!"
spam,"Twin Bonanza Month-End Giveaway at SugarPlay! Win up to 128,888 prizes! New users get 2,000 free on sign-up! Explore More Event 58,888 Free Bonus at sp7go.com"
spam,"Hello, new free money bonus 888 with no deposit condition, please login  http:// yy777ff.com   to get free money 888 now"
spam,"Get excited at Pwin777! Win an iPhone 14 Pro Max, daily bonuses up to 77777p, and join thrilling events. Play for big jackpots! Visit Pwin777Bonu.com now!"
spam,Use JILIAPP download to get 25P RichPH for free and get 200% reward for free. Click:\nhttps://risu.io/Wt8J3
spam,Weekend alert at WinningPlus! Claim 153% WEEKLY DEPOSIT BONUS tomorrow! New users get free 1000 bonus & 103% on deposits. Win Big Jackpot Slot at JoyWplus.com
spam,"Exciting GoJackpot Weekend is here! Get 50% WEEKEND BONUS, win 4777 Prize at Bustling Event. New users enjoy 153% & 777 Free Bonus for big win at GoJPLuck1.com"
spam,"Welcome October! New User, get 2000 bonus for High-Rate Slots Jackpot at SugarPlay!  Don't miss out More 28888 Bonus in Promo Events! Join now at Sp7Go1.com"
spam,Gawin ang iyong unang deposito ng 177P sa 177BET at makakuha ng 100% deposit bonus! Doblehin ang iyong deposito ngayon! Huwag itong palampasin!\r\n177betg.xyz
spam,Ang mga bago at lumang miyembro ng 177BET na nag-top up ng P177 ay makakatanggap ng P177 na bonus!\r\n177beto.xyz
spam,"Ready for a winning adventure? Join GoJackpot at GoJPLuck3.com with Gcash for easy payments, and claim your 777 bonus + 105% deposit bonus now!"
spam,"Ang OKADA Manila ay naglunsad ng online slot machine, maaari kang makakuha ng 177P nang libre kapag nagparehistro ka.\nOkdplay.com"
spam,Get ready for Weekend & Gcash for Easy Payments on SugarPlay! Enjoy Free 18888 Bonus Event & Tie & Win 28888 ! Get Free 2000 & Win slot Jackpots at SGphWin2.com
spam,Ang mga bago at lumang miyembro ng 177BET na nag-top up ng P177 ay makakatanggap ng P177 na bonus!\r\n177betr.xyz 
spam,"Say farewell to GCash load issues, it's GoJackpot time this weekend! Enjoy Free 777 & 105% Deposit, and win big slot prizes with your luck now at Gojpluck2.com"
spam,Enjoy Gcash min 100 at GoJackpot & Free 777! Spin Maya Lucky Wheel for 177 Free & Win LG-OLED TV. Play TOP PH-Slot Online to Win Million Prizes at GoJPLuck2.com
spam,Get up to 88P FREE with JILI APP Download! Link: ss.bha99.com/register
spam,"Gcash Load for October Win at GJackpot! Play GAMEESS EVENTS  \n7777 , with 777 October PLAY Credit and 105% PLAY LOADSs for New Users at        \nGoJwin2.com      "
spam,"Join the RichPH dynasty, receive 25P for free and win 200% of the grand prize. Explore promotions, new games with 157% winning probability ri928chp.com"
spam,G-c-a-s-h collaborates with yy777 games! Enjoy 1888P!  Register  http://yy777ff.com
spam,Experience stability on GoJackpot with GCash this weekend! Enjoy free 777 & 177 & Get 205% Deposit bonus to increase of Win Big on Slot Jackpot at GoJPLuck6.com
spam,Win Big with GoJackpot this Weekend! LG OLED TV & More Prizes Await on GoJPLuck5.com ! Claim your 777+177 Free Bonus & 205% Extra Deposit Bonus with Gcash now!
spam,Get ready for a great weekend at RICHPH. Download ri928chp.com legally and compliantly and get 25p for free. The probability of winning the new game is 257%
spam,"Embrace the Halloween spirit with Gojackpot's Cash Tournament! Win big with Free 4888 coins, 177 & 777 Free Bonus, plus 205% Deposit Bonus at \nGoJPLuck6.com     "
spam,"Hello! The bonus is as high as 1999, enjoy the game and enter  risu.io/Rw6mQ"
spam,"PCSO Lotto official data enquiry and result analysis, download                                                                                \nluckystar.ph to get the free lottery tickets , maximum lottery win of p100 million!"
spam,<REAL NAME> Kumita ng 100% bonus + 3% DAILY DEPOSIT BONUS sa GoJackpot gamit CASHBACK sa betfilvips2.com
spam,<REAL NAME> Goodbye sa abalang GCash load! Winning Plus para sa masayang weekend. Kuhaan ng Libreng 777 at 105% Deposito sa wpbingo3.com
spam,"<REAL NAME>, Experience the thrill of WinningPlus Delight! Score a 153% WEEKLY DEPOSIT BONUS + 1000 bonus for new users at wpdraw2.com"
spam,"<REAL NAME>, Sugarplay's path to victory: Grab P2,000 + 3% Paymaya Bonus. Join Baccarat's P2,500 Giveaway at Splay777.com"""
spam,"<REAL NAME>, WinningPlus Opportunity! Snag your 153% WEEKLY DEPOSIT BONUS. New users also get a free 1000 bonus! Play at  wpsports2.com"""
spam,"<REAL NAME>, Get ready for a weekend blast at Winning+! Enjoy 4888 Game Events, 53% Weekly Play Loads, and 153% Play Loads for New Users at wplusjoin6.com"
spam,"<REAL NAME>, Join SugarPlay! and start your winning journey today! with 100% Welcome Bonus, up to P2888 Bonus. Join now & win big! at sgbetfree0.com"
spam,"<REAL NAME>, Be a Winner at Sugarbet! Register to play and get 2000 + 100% welcome bonus. And win up to PHP28,888! Join now at sbfreeslots.com"""
spam,"<REAL NAME>,Gojackpot, ang daan patungo sa mga malalaking premyo! Mag-register at makakuha ng 888 na libreng bonus. gojcasino0.com"""
spam,"<REAL NAME>, Mag-sign up ka na sa WinningPlus at maging handa sa mga malalaking panalo! May 1000 na bonus + 3% na GCash deposit Bonus. Bisitahin na! winplus77.com"
spam,"<REAL NAME>, SugarPlay's treat: Daily rebate up to Php 58,888! Don't miss 100% welcome bonus. Click to play and win. sgbetbonu2.com"
spam,"<REAL NAME>, Join GoJackpot now! Claim P777 + 3% GCash bonus Enjoy up to P888 daily cashback Register here:  gojcasino2.com"
spam,"""SBET invites you to play <REAL NAME>, Claim 1% bonus on GCash play sabong for the 21M Mega Jackpot Don't miss out join SBET now sbetfish2.com"
spam,"<REAL NAME>, Sign up at SugarPlay, get up to 2,000 welcome bonus. Join deposit tournament for 18,888 Free Prize + 3% deposit bonus. Play now! sgbett3.co"
spam,"<REAL NAME>, Log in to GoJackpot, play slots, and get rewarded with 4777 free prize + get 777 welcome bonus and 3% Deposit Bonus! click now gojcity.com"
spam,"<REAL NAME>, Join WinningPlus Today and Unlock Incredible Bonuses! Get PHP1,000 Welcome Bonus + 3% Bonus on GCash. Refer Friends, Earn P20! wp2vip.com"
spam,"<REAL NAME>, Sugarplay Unlimited Fun: Get 100% Welcome Bonus up to PHP 2,000 + Gcash Deposit Bonus + Daily Rebate up to P58888! Visit sugarbbonus4.com"
spam,"<REAL NAME>, Get the best deals at UBET: 2000 Bonus & 5% USDT Deposit Bonus! visit ubetfun.com"
spam,"<REAL NAME>, Take advantage of unlimited 1% Deposit Bonus on Gcash. Experience Sabong, Fishing & Live Casino at SBET! sbetfish.com"
spam,"<REAL NAME>, Join LOLLIPLAY today! Unlock weekly Big winners up to P250,000. Play now & be the next lucky winner! visit lodibetwin3.com"
spam,"<REAL NAME>, Get rewarded every day at BETFIL with our bonuses! Claim a 2% bonus daily up to PHP100,000 sign up now: betfilslots2.com"
spam,"<REAL NAME>, Don't miss out on our incredible 5% USDT Deposit Bonus at JackpotCity. take your winnings to the next level. jpcjili1.com"
spam,Welcome to Lolliplay <REAL NAME>! Claim now your 100% Daily Bonus up to PHP1000! Easy payout use GCASH! lbcoin1.com
spam,"Don't miss out <REAL NAME>, on the bonus! Sign in daily with SUGARPLAY and get up to PHP150 Click here: sbfreeslots3.com"
spam,"<REAL NAME>, Good news! Start your day with a sweet Sign in to SUGARPLAY & Receive PHP150 daily BONUS! sbdito2.com"
spam,"<REAL NAME>,  Place a bet in BETFIL & win instant 50% Daily Deposit Bonus up to PHP1000 claimable once a day! Join now! bfilcoin3.com"
spam,"<REAL NAME> Kumita ng 100% bonus + 3% DAILY DEPOSIT BONUS sa GoJackpot gamit ang Paymaya at GCash, plus Daily CASHBACK sa betfilvips2.com"
spam,"Sumali sa PWIN777! Tangkilikin ang pinakamahusay na deposito at pulang sobre na alok! Sa unang deposito na P100, may 100% bonus! risu.io/pB4Ko"
spam,"Mga nangungunang laro sa gambling house, bingo, at mga s10t machine, magrehistro at mag-deposito ng P100 upang makatanggap ng 100% cashback award risu.io/F0Zis"
spam,[ Philwin x Epicwin ]: Play Jili game with Welcome bonus FREE EXTRA 1000P!  Livechat for more Super Ace game tips & tricks today~  Try Now : epicwplay5.com
spam,"Una deposito ng 100p,may kasamang 100p,may pagkakataong manalo ng exclusive member Red Envelope na may halagang upto P77777 na premyo! 04p7.xyz/4ABL"
spam,Click http://panalo99.bid to download and have a chance to get up to 888P for free!
spam,"Sa U B E T, bukas ang pinto! May 100% WELCOME BONUS + Slot daily salary up to 200k. UphFun3.com ang pupuntahan."
spam,Click http://panalo77.world to download and have a chance to get up to 888P for free!
spam,"Click http://panalo99.bid to download and have a chance to get up to 888P for free!"""
spam,"<REAL NAME>, Experience the thrill of WinningPlus Delight! Score a 153% WEEKLY DEPOSIT BONUS + 1000 bonus for new users at wpdraw2.com"
spam,Click http://panalo9999.bio to download and have a chance to get up to 888P for free!
spam,"<REAL NAME>, Sugarplay's path to victory: Grab P2,000 + 3% Paymaya Bonus. Join Baccarat's P2,500 Giveaway at Splay777.com"
spam,Click http://panalo9999.info to download and have a chance to get up to 888P for free!
spam,"<REAL NAME>, WinningPlus Opportunity! Snag your 153% WEEKLY DEPOSIT BONUS. New users also get a free 1000 bonus! Play at wpsports2.com"
spam,Click http://panalo99.mom to download and have a chance to get up to 888P for free!
spam,"<REAL NAME>, Get ready for a weekend blast at Winning+! Enjoy 4888 Game Events, 53% Weekly Play Loads, and 153% Play Loads for New Users at wplusjoin6.com"
spam,Click http://panalo99.loan to download and have a chance to get up to 888P for free!
spam,"<REAL NAME>, Join SugarPlay! and start your winning journey today! with 100% Welcome Bonus, up to P2888 Bonus. Join now & win big! at sgbetfree0.com"
spam,Click http://panalo77.info to download and have a chance to get up to 888P for free!
spam,Click http://jackpot7.network to download and have a chance to get up to 888P for free!
spam,Click http://luckies.world to download and have a chance to get up to 888P for free!
spam,"<REAL NAME>, Be a Winner at Sugarbet! Register to play and get 2000 + 100% welcome bonus. And win up to PHP28,888! Join now at sbfreeslots.com"
spam,Click http://welfare888.world download and have a chance to get up to 888P for free!
ham,"Love you! Gegege use LOVEUPO to get P30 off 2 rides kasi mahal kita. Valid until June 30, 2023."
ham,"Ge, abangan hanggang mag book. Use ABANGERS to get 100% off on your next ride. P100 cap, valid June 30, 2023. Book ka na kaya?"
ham,"Use promo code MNLNIGHTSHIFT to get 10% off 2 rides from 10PM-5AM. P15 cap per use, max. 2x use per day. Valid until July 31, 2023."
ham,"Try out Angkas Padala for your delivery needs! Use code AKS20 for P20 off 10x Padala deliveries until July 31, 2023"
ham,"Use HAPPYSUNDAY to get P20 off 2 rides bago mag Monday na naman. Valid until July 30, 2023 on Sundays only"
ham,You have received PHP 79.50 of GCash from DR*W BE*****N D. 09175265145 w/ MSG: . Your new balance is PHP 177.10. Ref. No. 3010289168220.
ham,You have received PHP 15.00 of GCash from JI***N O. 09397625083 w/ MSG: . Your new balance is PHP 192.10. Ref. No. 9010289622507.
ham,You have received P 100.00 on 06-09-23 07:59 PM from BPI account ending in 3796. Your new balance is P 132.10 with Ref No. 1010311302155. Thank you for using GCash!
ham,You have paid P215.00 of GCash to Dunkin Shell Roosevelt on 06-13-23 09:16:13 PM. Ref. No. 156419820.
ham,"554776 is your authentication code. For your protection, do not share this code with anyone. yyAfcYn/qSW"
ham,Your payment of P154.00 to MoveIt has been successfully processed on 10-15-23 12:21:37 PM. Ref. No. 105408410
ham,"Watch the newest episode of Viu's most watched series, Unbreak My Heart starring Jodi Sta. Maria! Stream this 48 hours in advance and ad-free when you subscribe to Viu Premium for only P80/mo. at pldthome.info/viuj3."
ham,"Please be reminded that your bill for account 0277341093 is due today. To enjoy continuous service, please make a payment within 48 hours. You may pay via Maya, GCash, Lazada, Shopee or PayExpress QR for 6-hr payment posting. Payments done over-the-counter or before holidays may take 2-3 business days to process. Please disregard if payment has already been made. Visit pldthome.info/pldtpayment to learn more. Thank you."
ham,"Thank you for your payment of PhP1700.00 for PLDT Account No.0277341093, made on July 01, 2023 through GNC - CIS - GCASH SINGLE API 3. If your account is restricted, your service will now be reconnected. Please restart your modem to refresh your settings. If service remains unavailable, you may request for reconnection at https://m.me/PLDTHome."
ham,"BABALA:HUWAG PONG MANIWALA SA TEXT NA NAGLALAMAN NG INYONG PANGALAN NA NAG-AALOK NG TRABAHO, PABUYA O PERA. ITO PO AY ISANG SCAM. I-REPORT SA HTTPS://NTC.GOV.PH"""
ham,Otw po joyride
ham,"Please wait, traffic is bad"
ham,Hellow po ontheway napo
ham,"J&T DELIVERY!TN: 771095695002 Rider:<REAL NAME>,639954958676. For COD pls prepare exact amount. Photo proof of delivery is required. Thanks and be safe!"
ham,"J&T DELIVERY!TN: 771239442530 Rider:<REAL NAME>,+639164626412. For COD pls prepare exact amount. Photo proof of delivery is required. Thanks and be safe!"
ham,1/2 06-Jul 14:22: P10 loaded to 09507957228 from XXXXXXXX7428 for 1 year. Ref:AG66KKP77M.
ham,1/2 15-Sep 14:20: P10 loaded to 09507957228 from XXXXXXXX7428 for 1 year. Ref:AIF8SOZNX0. Get MORE with PROMO LOAD in the Smart App!
ham,Sir saan napo kayu
ham,Hello Sir <REAL NAME>. This is personal shopper <REAL NAME>. I will be assisting your order today. Confirming your order is Salvatore Mann Logan blk size 7
ham,I received your bookingGooday po mam/sir
ham,Kumusta po?
ham,"Sir, can I call you now po?"
ham,"Sir, mesaage lang po sila kung pwede na po ako tumawag. Thank you and God bless."
ham,"Sir, confirm ko lang po kung tuloy 4pm na meeting natin sa Gilmore Heights satellite office para sa unit viewing?.."
ham,Malapit na po ako. Namali po ng ikot kanina ang driver.
ham,On the way na po ako sir
ham,gutom na ako talaga
ham,kel magreply ka or sagot sa calls ko
ham,san kana?
ham,Ano oras na
ham,san kayo? kakaalis nyo lang ba?
ham,If ever po isasabay po namin kayo sa sm fairview namin po kayo daanan?
ham,Ok lang po kayo dun Mam ? Kung Sm fairview po?
ham,Wait mam check ko po kung saan po dun 10am po kayo pwede po noh?
ham,"Ohana Homes 3 is located at Alibangbang Street, Amparo Subd., Caloocan City"
ham,Boss bawal daw sabi ng guard
ham,"SHOPEE: Use OTP code 590065, TO LOGIN ON A NEW DEVICE. Valid for 15 mins. NEVER share this code with others, including Shopee staff."
ham,Your SLoan has an amount of  due today. Please pay immediately to avoid late charge. Tap here to pay.
ham,"<REAL NAME> just sent PHP2,000.00 to your GCash wallet using Sendwave."
ham,"""Your One-Time Password is: 810480. Please enter this within 5 minutes to confirm your mobile number."
ham,Hello Po Jollibee delivery Po otw n Po paabang n Po
ham,J&T delivery dito na po ako sa labas salamat po
ham,"Good day po sa ANGEL'S PIZZA SAN SEBASTIAN po ako Rider name: <REAL NAME>, papunta na po ako sa location nyo maraming salamat po"
ham,thank u
ham,wala tao don
spam,Kaya ba hindi mapagmalaki ni CongEgay ang kanyang anak?  https://www.policefilestonite.net/2022/03/07/egay-erice-jr-5-taon-kulong-sa-droga/
spam,Hey respond to this email for good news asap: davidgarciadgd789@gmail.com
spam,<REAL NAME>! Try our popular online games and earn while at home! Get 8888 bonus here at w8bonu. com Sign up now! OwcC573.
spam,"Happy Weekend! Mag relax habang nag eenjoy maglaro ng bit.ly/JBGaming-PH Register now get FREE 60p, Easy WlN dito, Ayain na ang tropa at pamilya na mag laro!
 "
spam,"WIN P1,OOO,OOO NOW! http://t-t.ink/0kG_G Online Casino With 24/7 Cash In/Out. Sign up and 2,000 GET 2,000"
spam,"Online casino with 24/7 Cash In/Out http://09770263904.site/8SqJr5 Sign up and P5,000 GET P5,000"
spam,"Hi,I have an urgent noble project to discuss with you,kindly contact me by email : 
 frankczich@hotmail.com , I wait ur urgent response."
spam,"WE1C0ME B0NUS: 200 GET 200, 1000 GET 1000, 5000 GET 5000. #24/7 Immediate Cash In/Out.# More https://sourl.cn/cxc5LA"
spam,"31.7M JACKP0T PRIZE! Try your luck here, Register now and get FREE 40p! 1p L0WBET here! Easy WIN, Easy Cash Out! Play now! bit.ly/BingoplusPH-APP"
spam,Good News! For only 1PES0 you can won here! Try to play the Best Online Gaming Casino! FREE 40p after register! 31.1M JACKPOT! Play now! bit.ly/BingoplusPH-APP
spam,Hottest news! Umabot na ng 34M+ ang mega jackpot sa bit.ly/BingoPlus2 you can win it for only 1peso per b3t! Baka ikaw na to! Free40php after registration
spam,"IP,14PROM4X ba gusto mo? Maglaro ka lang dito sa pinaka easy games namin! gamecake.net/IP14 sign up and invite your barkada and you can WlN here! Join now!"
spam,"Love taking selfies? You don't need to worry too much because here at hamburgers.ph/Bigpromo just sign up and you will WIN the IP,14PROM4X
 "
spam,"<REAL NAME>, Get Xiaomi Vaccum, Whirpool Washer at Christmas Raffle here @W+ wplus777.(com)"
spam,"30+ patterns, 13.5M megaJP. 
 163 Lucky W1NNER in 21 weeks!
 Be a millionaire with BingoPlus
 cutt.ly/BingoplusPH"
spam,"Reply me through my email here now, please , endyr5678@gmail.com"
spam,"Greetings from GCash,
 
 Claim your PHP 3,500 worth of GCash Loyalty Card provided by GCash Credit.
 
 Redeem here:
 https://twtr.to/GSaveCares
 
 From, GCredit"
spam,"IBOTO!!!
 
 #29 HUGPONG FEDERAL Partylist
 SUPPORTS
 
 #8 HERBERT ""BISTEK"" BAUTISTA
 SENATOR
 
 #57 GIBO TEODORO
 SENATOR
 
 SUBOK NA! 
 MAAASAHAN!
 
 #4SARA4VP2022
 #UniTeam"
spam,"Due date is fast approaching! Need assistance? Cashbee is here, click here: bit.ly/C4sH06 .11261"
spam,Manalo ng IPHONE 14 PRO MAX <REAL NAME> Guiang sa paglalaro ng Roulette! Sign-up at Iclaim ang iyong 5477+ Bonus.  w777np777.com/14PROMAX
spam,"Ipakita ang suporta ng Buong NCR kay BBM at Sara! Samahan natin sila at ibuhos ang buong pwersa sa April 13/ 4PM, IBP Road, QC. Tara na!"
spam,"Buddy, JACKP0T is now 20M, Tell a Friend and Play here! Best Online Gaming Casino! Still Free 40p after sign up! 1p L0WBET! Join now! linky.ph/Bingo_PlusPH"
spam,"<BREAKING NEWS>
 JACKPOT is 10Millions again!
 Miss this chance you will have to wait again! 
 cutt.ly/BingoPlusPH 
 -PAGCOR Licensed-"
spam,"Late night, many thoughts?
 Need distration? 
 Watch our 24/7 live host. 
 She will bring you joy 
 tinyurl.com/Bingo-Plus 
 Sign up for free40p "
spam,"Tabangi ang kaugalingon
 Magrehistro para bakuna
 Magpabakuna inig matawagan
 Amping pirmi
 Pres Rody ug Mayor Sara Duterte
 Like&share
 https://tinyurl.com/pv9vuv85"
spam,"Nagpadala na ta ug tabang sa mga nabiktima sa Bagyong Odette 
 sa Dinagat Islands ug Negros Occidental. 
 Hinaot maka alibyo sa ilang kahimtang. 
 
 Mayor Sara"
spam," FROM: GMA'7
 KAPUSO. Your.
 SIM# had won.
 (Php700,000.00)
 Sponsored by:
 Mr. Revillame.
 more info Pls send ur NAME/
 ADDRESS/AGE/WORK And call me! Im
 Atty: Maria A. Tan. DTI-NCR
 #9162 S'2021.SALAMAT."
spam,"GET CHANCE TO WIN BIG JACKPOT UP TO 2,000,000.00PHP BEST ONLINE GAMES SLOT:AteBunny  24/7 QUICK CASH IN/OUT!!FB: https://t.ly/ATEBUNNY@GC.PH"
spam,"Hello:You have been awarded with the sum of 500,000.00 euros from our family foundation COVID-19 relief. Reply to (perssonfamfoundation@gmail.com) for more info"
spam,"Gusto mo ba makatipid sa kuryente?
 SOLAR LIGHTS BUY 2 TAKE 2 !
 
 CLICK HERE FOR PICTURES/BUY --> https://s.lazada.com.ph/s.UONbr
 
 100 WATTS for Parking / Garden "
spam,"4 na pirasong SOLAR LIGHTS sa halagang 1,499.
 
 Click mo eto para bumili --> https://s.lazada.com.ph/s.UrR50
 
 Yes! Apat na piraso ! Dahil naka SALE siya ngayon!"
spam,"4 na pirasong SOLAR LIGHTS sa halagang 1,499.
 
 Click mo eto para bumili --> https://s.lazada.com.ph/s.UrR50
 
 Yes! Apat na piraso ! Dahil naka SALE siya ngayon!
 
 100 watts bawat isa, 400 watts total watts ng 4 na piraso.. Good deal sobrang tipid !!
 
 3 modes siya :
 STEADY LIGHTS
 SENSOR LIGHTS
 DIM LIGHTS"
spam,Contact me.here.I am waiting: rchgrg553@gmail.com
spam,There is a matter that requires your urgent attention. Contact me here: juadrob356@gmail.com for the details.
spam,"Para sa limitado lamang  mkha ng P5,000 bonus Magister n po kyo http://t-t.ink/0eajy 100 GET 100, 1000 GET 1000, 2000 GET 2000, 24/7 Immediate Cash In/Out"
spam,5.8M JACKP0T PRIZE! 1p L0WBET! Easy Game & Easy CA$H Out! Register now and get Free 40p! bit.ly/BingoplusPHAPP
spam,8.20 SALES Lazada promo buy 2 get 1 free! Micro Steam Iron. Mas pinadali ng mag plantsa ng damit. Enjoy 47% OFF + Freeshipping bit.ly/LAZADAFREESHIPPING
spam,"Mag pahinga, mag laro at manalo ng madaming papremyo kay gameonlinepc.net/Freeplay dito walang sakit sa ulo at mag eenjoy ka pa. Kaya tara na!"
spam,"Maglaro at mag enjoy, Siguradong matutuwa ka dito!
 
 jbmg88. org"
spam,Want to TASTE Winning the Million Jackpot with Only 1 pesos!?? Come Play Now  TO ONE HIT the MILLION CASH Jackpot!  ! What are you waiting for! Play now and 1 SECOND CASH OUT MILLIONS!  jijiph.com/ONEHIT
spam,Mag sign-up ka na para may FREE P40 ka to PLAY. Only P1 per bet can reach up to 7M. Play and Win now! bit.ly/BINGOPLUS_PH
spam,Handog sayo <REAL NAME> Sa bagong platform sa bansa Wplus ang 5500 bonus at 3% sa bawat deposito Qq5p654rsq8=. w3npl5s.com/M3y3m3n
spam,"<REAL NAME> Guiang,Pagkatapos gamitin ang mybitgloba, bawat buwan kumikita ako ng isang milyon http://931ccx.com"
spam,"<CDEX> Cryptocurrency Exchange focusing to Asian Market. Bitcoin bottom out, target price √Ç¬§25,000. Take the chance to enter NOW!! More details, please visit: ht"
spam,"Eat, Sleep and play amped.ph/home you will not be bored here because there is a free 60p after sign up! Try it and you might win"
spam,"<REAL NAME>, The b√É‚Ä∞st deals in playing cas1n0 here sb3t! Register to get unlimited rebate anytime up to 1.5% sabong4now . c o m"
spam,"<REAL NAME>, Newly improved, Authentic site & SAFE !
 
 sign up at T1BET & claim your welcome bonus up to 3000P! t1betrich. c o m"
spam,"KUMITA HABANG NASA BAHAY LANG
 
 BE AN ONLINER, LIKE US!
 
 CLICK THE LINK BELOW:
 
 m.me/108512758172251"
spam,"EARN AT THE COMFORT OF YOUR OWN HOME
 
  INTERESTED ONLY
 LINK BELOW 
 m.me/JF51onlinehub
 
  AN ONLINE HOMEBASED BUSINESS THAT WILL TEACH YOU HOW TO EARN  AT HOME."
spam,"<REAL NAME> kumita ng P2,616,777 by playing egamesph.com/login "
ham,shoppee po sir jon.. san kau sa cordero ano kulay ng gate nyo po 
ham,"Gud am po, c Fe po ito sa ofc ni Coun Lanz, may problema po sa Tupad entry nyo. Punta po kayo sa ofc today para maayos po agad. Salamat po. 5th level, caloocan city hall"
ham,"Hi! Your free 300MB from downloading the GlobeOne app has expired. No worries though! You can use the app anytime, anywhere to get more data, track your balance and more!"
ham,"Nag-expire na ang iyong mobile internet promo, Ka-TM. Para tuluy-tuloy ang GV, mag-register sa EasySURF 50 Doble Data na may 2GB pang-internet, 3GB para sa app freebies, at unli texts to all networks pa, valid for 3 days! I-dial ang *143# for free at piliin ang EasySURF 50 Doble Data. Pwede ka rin mag-register sa GCash via https://go.gcash.com/2VC3X0M at pumili ng TM promo na bagay sa 'yo."
ham,Nasa location na po ako 
ham,Pam pagdting ni papa padaanin mo dito ha .. papatignan kamo namin fan namin sira kase salamat wag mo kalimutan h
ham,Sabihin mo kay ate pam mo ligo na syaa hahah
ham,<REAL NAME> si pam? Pasabi natawag ako may sasabihin lang ako sakanya salamat
ham,Goodmorning <REAL NAME> pde dito ka muna kahit hangang 11 lang ng tanghali Kase sinusumpong ako di pako nakakatulog papa bantay ko lang sana saglit bray habang pahinga tulog pa si denise pnta ka dito ng 8am salamat and Godbless
ham,<REAL NAME> pwede agahan mo po bukas kahit 8am pls <REAL NAME> grabe anxiety and panic ko magkakaron na kase ko di ko mahihelp denise bukas ipapahinga ko lang katawan ko kahit till lunch kalang salamat
ham,<REAL NAME> pasabi kay denise wag na pala ok na pala thanks 
ham,<REAL NAME> panu mo ginawa ung may pic ung stay safe ko
ham,<REAL NAME> piso isa sa val yung print short
ham,dalhan mo nga ko facrshield dito hehehehehehhrhr
ham,<REAL NAME> bilisan mo umuwi kasi ngayon yung deliver nung tsinelas ni denise
ham,HOY YUNG LAZADA NASA BABA
ham,Good day! I would like to inform you that ur eyeglasses is ready for collection now. Calaguas optical
ham,"Open po kami maam, mga 10.30 po"
ham,"Lazada delivery po today, paready nlng po ng payment po or pabilin nlng po kung aalis po kau, Ty po..."
ham,<REAL NAME> anu number at password linagay mo
ham,Gud am gsing ka na ba? Yng pc ikot lang ng ikot ayaw bumukas. Ano kaya na naman ang prblema nito. Tnx
ham,Pki txt m kaya si oliver para malaman nya prblema. 4ward ko no nya. 
ham,<REAL NAME> pasuyo punta ka muna d2
ham,Gud pm pwd pki dala m d2 yng empty bote ng ink at kailangan lang. Salamat
ham,Gud am pwd bng pki punta ka d2 kung pwd at d lang alam ni tina ang gagawin.
ham,"Effective May 17, 2021, 7-Eleven will be charging a convenience fee of 1% on GCash Cash In transactions. This fee will be deducted automatically from the amount you cashed in to your GCash wallet. Thank you."
ham,Your Vercel verification code is: 5071
ham,You have been successfully loaded GOSURF50 P50.00. Trace No: 1431143772 01/22/2021 10:56AM. More Globe/TM txt promos? INFO to 8080 4 free
ham,P20.00 prepaid credits was loaded to ur mobile# 09061461571 by 09971167996. Trace No: 730957311 04/25/2021 05:42PM.
ham,"[Binance] Verification code: 383662. To prevent phishing, make sure that you're on our official website ""www.binance.com"" before proceeding."
ham,"Your Cashbee loan is waiting for you! Download now for instant approval:  cashbee.ph/app/cnid ,search CASHBEE in google/IOS. (unsubscribe send U to9054691557)"
ham,"Hi EMEDIA GUIANG! We have received your payment of PHP13.80 and you are now protected with GInsure Bill Protect for your Globe AT HOME. Your coverage is worth PHP496.80 with Ref No  220214422041930! You may view your Confirmation of Cover which will be sent to your registered email address. For inquiries, you may contact us at ginsurebillprotect@chubb.com."
ham,Your OTP is 614742. Ref no: 100002866152. Code will expire in 1 minute.
ham,"Your GSave is expiring soon! Upgrade your GSave via the CIMB Bank PH app or the GCash Mobile app on or before 07/25/2021 & get 5% p.a. interest on your savings this month! Learn how to upgrade your GSave here now: bit.ly/34j9rCB T&Cs apply. bit.ly/395aLvz 
 No SMS? Text STOP<space><Last 4 digits of acct num> to 09191611291"
ham,Your OTP is 117247. Ref no: 100002866152. Code will expire in 1 minute.
ham,Use 824389 for two-factor authentication on Facebook.
ham,Jollibee - Mabini 10th Avenue is using a foodpanda rider to deliver your order k0bd-76bf6a. Track your order here https://pndgo.link/ip5wphv
ham,LIBRENG Cash In when you link your BPI Online or UnionBank account! Link mo na ang account mo to add funds easily and keep enjoying GCash transactions. Cash In now via the GCash app! No advisories? Tap go.gcash.com/optout.
ham,"Hi Emedia! Thank you for registering to GInvest. We are happy to inform you that our  partner fund providers have approved your registration, and you can now start investing in the products available on GInvest!"
ham,"Get a chance to win a ticket to the Glastonbury Festival Global Livestream headlined by Coldplay! Just access the GlobeOne app at√Ç¬†https://glbe.co/globe-one√Ç¬†and register to SURF4ALL249 via the GoSURPRISE pop-up. Valid on May 5, 2021 only. No advisories? Text STOP to 2682 for free."
ham,"Want even more data? Get the new Go+99, which has 8GB data for all sites and another 8GB for your choice of apps, all valid for 7 days. To register, access the GlobeOne app at https://glbe.co/globe-one, or dial *143# and choose Go+. No advisories? Text STOP to 2682 for free."
ham,Service Fee Not Charged.
ham,"It's almost Valentine's Day, Ka-TM! Mas matagal ang pag-chat online with your loved one kasi pwede kang humiram ng 15MB, valid for 1 day for P6. I-text lang ang MBSOS sa 3733. Sa susunod mong reload, magdagdag ng P6 (P5 at P1 service fee) para bayaran ito."
ham,"Para di maubusan ng data sa online class, pwede ka nang humiram ng 1GB for Google Suite, YouTube Learning, Wikipedia, at Zoom, valid for 2 days for P15. I-text na ang FUNARALSOS15 sa 3733. Sa susunod mong reload, magdagdag lang ng P18 (P15 at P3 service fee) para bayaran ito."
ham,Don't worry if you have no load and data to go online. You can borrow 40MB by texting FOMOSOS to 3733. You can also dial *143# and choose LOANS. FOMOSOS is valid for 1 day and P6 will be collected on your next load purchase.
ham,"Kulang pa ang load, Ka-TM? Humiram na ng extrang P20 load na may MAS MABABANG SERVICE FEES para maka-register sa promo! I-text na ang UTANG P2LOAD20 sa 3733 o i-dial ang *143# at piliin ang UTANG. Kokolektahin ang P22 (P20 at P2 service fee) sa susunod na pagbili ng load."
ham,"Sorry, hindi sapat ang iyong points para ma-redeem ang reward. Para sa iba pang offers at list of partner stores kung saan pwede magamit ang points as cash, i-download ang Globe Rewards app via http://glbe.co/GRewardsApp."
ham,The package 8255-1673-EKXG is out for delivery today. Please prepare cash payment of P180. You can reach your ka-GGX rider at +639665862042.
ham,"Hey, GOMO Fam! We wish to inform you that there will be a system activity on July 22. From 12 MN to 2 AM, the GOMO app and portal will be unavailable. Rest assured, data, calls and text services are still available. If you're planning to add more data or use 'Mo Creds, we encourage you to do them before the scheduled activity. Thank you for understanding. Stay awesome!"
ham,"NDRRMC: (2:05 PM, 22Jul21) Orange Rainfall Warning sa Tarlac, Pampanga, Bulacan, at Metro Manila. Nagbabanta ang matinding pag-ulan, pagbaha at pagguho ng lupa."
